kabu_bps|kabu_dagri|provinsi|kabkot|id_district|id_province
1101|1109|ACEH|SIMEULUE|279|1
1102|1110|ACEH|ACEH SINGKIL|263|1
1103|1101|ACEH|ACEH SELATAN|262|1
1104|1102|ACEH|ACEH TENGGARA|266|1
1105|1103|ACEH|ACEH TIMUR|267|1
1106|1104|ACEH|ACEH TENGAH|265|1
1107|1105|ACEH|ACEH BARAT|258|1
1108|1106|ACEH|ACEH BESAR|260|1
1109|1107|ACEH|PIDIE|276|1
1110|1111|ACEH|BIREUEN|271|1
1111|1108|ACEH|ACEH UTARA|268|1
1112|1112|ACEH|ACEH BARAT DAYA|259|1
1113|1113|ACEH|GAYO LUES|272|1
1114|1116|ACEH|ACEH TAMIANG|264|1
1115|1115|ACEH|NAGAN RAYA|275|1
1116|1114|ACEH|ACEH JAYA|261|1
1117|1117|ACEH|BENER MERIAH|270|1
1118|1118|ACEH|PIDIE JAYA|277|1
1171|1171|ACEH|KOTA BANDA ACEH|269|1
1172|1172|ACEH|KOTA SABANG|278|1
1173|1174|ACEH|KOTA LANGSA|273|1
1174|1173|ACEH|KOTA LHOKSEUMAWE|274|1
1175|1175|ACEH|KOTA SUBULUSSALAM|280|1
1201|1204|SUMATERA UTARA|NIAS|478|34
1202|1213|SUMATERA UTARA|MANDAILING NATAL|476|34
1203|1203|SUMATERA UTARA|TAPANULI SELATAN|492|34
1204|1201|SUMATERA UTARA|TAPANULI TENGAH|493|34
1205|1202|SUMATERA UTARA|TAPANULI UTARA|494|34
1206|1212|SUMATERA UTARA|TOBA SAMOSIR|496|34
1207|1210|SUMATERA UTARA|LABUHANBATU|472|34
1208|1209|SUMATERA UTARA|ASAHAN|464|34
1210|1211|SUMATERA UTARA|DAIRI|467|34
1211|1206|SUMATERA UTARA|KARO|471|34
1212|1207|SUMATERA UTARA|DELI SERDANG|468|34
1213|1205|SUMATERA UTARA|LANGKAT|475|34
1215|1216|SUMATERA UTARA|HUMBANG HASUNDUTAN|470|34
1216|1215|SUMATERA UTARA|PAKPAK BHARAT|485|34
1217|1217|SUMATERA UTARA|SAMOSIR|487|34
1218|1218|SUMATERA UTARA|SERDANG BEDAGAI|488|34
1219|1219|SUMATERA UTARA|BATU BARA|465|34
1220|1220|SUMATERA UTARA|PADANG LAWAS UTARA|483|34
1221|1221|SUMATERA UTARA|PADANG LAWAS|482|34
1222|1222|SUMATERA UTARA|LABUHANBATU SELATAN|473|34
1223|1223|SUMATERA UTARA|LABUHANBATU UTARA|474|34
1224|1224|SUMATERA UTARA|NIAS UTARA|481|34
1272|1274|SUMATERA UTARA|KOTA TANJUNG BALAI|491|34
1273|1272|SUMATERA UTARA|KOTA PEMATANG SIANTAR|486|34
1274|1276|SUMATERA UTARA|KOTA TEBING TINGGI|495|34
1275|1271|SUMATERA UTARA|KOTA MEDAN|477|34
1276|1275|SUMATERA UTARA|KOTA BINJAI|466|34
1278|1278|SUMATERA UTARA|KOTA GUNUNGSITOLI|469|34
1301|1309|SUMATERA BARAT|KEPULAUAN MENTAWAI|433|32
1302|1301|SUMATERA BARAT|PESISIR SELATAN|442|32
1303|1302|SUMATERA BARAT|SOLOK|445|32
1304|1303|SUMATERA BARAT|SIJUNJUNG|444|32
1305|1304|SUMATERA BARAT|TANAH DATAR|448|32
1306|1305|SUMATERA BARAT|PADANG PARIAMAN|437|32
1307|1306|SUMATERA BARAT|AGAM|430|32
1308|1307|SUMATERA BARAT|LIMAPULUH KOTA|434|32
1309|1308|SUMATERA BARAT|PASAMAN|439|32
1310|1311|SUMATERA BARAT|SOLOK SELATAN|447|32
1311|1310|SUMATERA BARAT|DHARMASRAYA|432|32
1312|1312|SUMATERA BARAT|PASAMAN BARAT|440|32
1371|1371|SUMATERA BARAT|KOTA PADANG|435|32
1372|1372|SUMATERA BARAT|KOTA SOLOK|446|32
1373|1373|SUMATERA BARAT|KOTA SAWAHLUNTO|443|32
1374|1374|SUMATERA BARAT|KOTA PADANG PANJANG|436|32
1375|1375|SUMATERA BARAT|KOTA BUKITTINGGI|431|32
1376|1376|SUMATERA BARAT|KOTA PAYAKUMBUH|441|32
1377|1377|SUMATERA BARAT|KOTA PARIAMAN|438|32
1401|1409|RIAU|KUANTAN SINGINGI|357|26
1402|1402|RIAU|INDRAGIRI HULU|355|26
1403|1404|RIAU|INDRAGIRI HILIR|354|26
1404|1405|RIAU|PELALAWAN|359|26
1405|1408|RIAU|SIAK|362|26
1406|1401|RIAU|KAMPAR|356|26
1407|1406|RIAU|ROKAN HULU|361|26
1408|1403|RIAU|BENGKALIS|352|26
1409|1407|RIAU|ROKAN HILIR|360|26
1410|1410|RIAU|KEPULAUAN MERANTI|497|26
1471|1471|RIAU|KOTA PEKANBARU|358|26
1473|1472|RIAU|KOTA DUMAI|353|26
1501|1501|JAMBI|KERINCI|55|8
1502|1502|JAMBI|MERANGIN|56|8
1503|1503|JAMBI|SAROLANGUN|58|8
1504|1504|JAMBI|BATANG HARI|52|8
1505|1505|JAMBI|MUARO JAMBI|57|8
1506|1507|JAMBI|TANJUNG JABUNG TIMUR|61|8
1507|1506|JAMBI|TANJUNG JABUNG BARAT|60|8
1508|1509|JAMBI|TEBO|62|8
1509|1508|JAMBI|BUNGO|53|8
1571|1571|JAMBI|KOTA JAMBI|54|8
1572|1572|JAMBI|KOTA SUNGAIPENUH|59|8
1601|1601|SUMATERA SELATAN|OGAN KOMERING ULU|458|33
1602|1602|SUMATERA SELATAN|OGAN KOMERING ILIR|457|33
1603|1603|SUMATERA SELATAN|MUARA ENIM|453|33
1604|1604|SUMATERA SELATAN|LAHAT|451|33
1605|1605|SUMATERA SELATAN|MUSI RAWAS|455|33
1606|1606|SUMATERA SELATAN|MUSI BANYUASIN|454|33
1607|1607|SUMATERA SELATAN|BANYUASIN|449|33
1608|1609|SUMATERA SELATAN|OGAN KOMERING ULU SELATAN|459|33
1609|1608|SUMATERA SELATAN|OGAN KOMERING ULU TIMUR|460|33
1610|1610|SUMATERA SELATAN|OGAN ILIR|456|33
1611|1611|SUMATERA SELATAN|EMPAT LAWANG|450|33
1612|1612|SUMATERA SELATAN|PENUKAL ABAB LEMATANG ILIR|514|33
1613|1613|SUMATERA SELATAN|MUSI RAWAS UTARA|513|33
1671|1671|SUMATERA SELATAN|KOTA PALEMBANG|462|33
1672|1674|SUMATERA SELATAN|KOTA PRABUMULIH|463|33
1673|1672|SUMATERA SELATAN|KOTA PAGAR ALAM|461|33
1674|1673|SUMATERA SELATAN|KOTA LUBUK LINGGAU|452|33
1701|1701|BENGKULU|BENGKULU SELATAN|26|4
1702|1702|BENGKULU|REJANG LEBONG|33|4
1703|1703|BENGKULU|BENGKULU UTARA|28|4
1704|1704|BENGKULU|KAUR|29|4
1705|1705|BENGKULU|SELUMA|34|4
1706|1706|BENGKULU|MUKO MUKO|32|4
1707|1707|BENGKULU|LEBONG|31|4
1708|1708|BENGKULU|KEPAHIANG|30|4
1709|1709|BENGKULU|BENGKULU TENGAH|27|4
1771|1771|BENGKULU|KOTA BENGKULU|25|4
1801|1804|LAMPUNG|LAMPUNG BARAT|225|19
1802|1806|LAMPUNG|TANGGAMUS|234|19
1803|1801|LAMPUNG|LAMPUNG SELATAN|226|19
1804|1807|LAMPUNG|LAMPUNG TIMUR|228|19
1805|1802|LAMPUNG|LAMPUNG TENGAH|227|19
1806|1803|LAMPUNG|LAMPUNG UTARA|229|19
1807|1808|LAMPUNG|WAY KANAN|237|19
1808|1805|LAMPUNG|TULANG BAWANG|235|19
1809|1809|LAMPUNG|PESAWARAN|232|19
1810|1810|LAMPUNG|PRINGSEWU|233|19
1811|1811|LAMPUNG|MESUJI|230|19
1812|1812|LAMPUNG|TULANG BAWANG BARAT|236|19
1813|1813|LAMPUNG|PESISIR BARAT|499|19
1871|1871|LAMPUNG|KOTA BANDAR LAMPUNG|224|19
1872|1872|LAMPUNG|KOTA METRO|231|19
1901|1901|KEPULAUAN BANGKA BELITUNG|BANGKA|10|17
1902|1902|KEPULAUAN BANGKA BELITUNG|BELITUNG|14|17
1903|1905|KEPULAUAN BANGKA BELITUNG|BANGKA BARAT|11|17
1904|1904|KEPULAUAN BANGKA BELITUNG|BANGKA TENGAH|13|17
1905|1903|KEPULAUAN BANGKA BELITUNG|BANGKA SELATAN|12|17
1906|1906|KEPULAUAN BANGKA BELITUNG|BELITUNG TIMUR|15|17
1971|1971|KEPULAUAN BANGKA BELITUNG|KOTA PANGKAL PINANG|16|17
2101|2102|KEPULAUAN RIAU|KARIMUN|219|18
2102|2101|KEPULAUAN RIAU|BINTAN|218|18
2103|2103|KEPULAUAN RIAU|NATUNA|222|18
2104|2104|KEPULAUAN RIAU|LINGGA|221|18
2105|2105|KEPULAUAN RIAU|KEPULAUAN ANAMBAS|220|18
2171|2171|KEPULAUAN RIAU|KOTA BATAM|217|18
2172|2172|KEPULAUAN RIAU|KOTA TANJUNG PINANG|223|18
3101|3101|DKI JAKARTA|KEPULAUAN SERIBU|45|6
3171|3174|DKI JAKARTA|KOTA JAKARTA SELATAN|42|6
3172|3175|DKI JAKARTA|KOTA JAKARTA TIMUR|43|6
3173|3171|DKI JAKARTA|KOTA JAKARTA PUSAT|41|6
3174|3173|DKI JAKARTA|KOTA JAKARTA BARAT|40|6
3175|3172|DKI JAKARTA|KOTA JAKARTA UTARA|44|6
3201|3201|JAWA BARAT|BOGOR|69|9
3202|3202|JAWA BARAT|SUKABUMI|84|9
3203|3203|JAWA BARAT|CIANJUR|72|9
3204|3204|JAWA BARAT|BANDUNG|63|9
3205|3205|JAWA BARAT|GARUT|77|9
3206|3206|JAWA BARAT|TASIKMALAYA|87|9
3207|3207|JAWA BARAT|CIAMIS|71|9
3208|3208|JAWA BARAT|KUNINGAN|80|9
3209|3209|JAWA BARAT|CIREBON|74|9
3210|3210|JAWA BARAT|MAJALENGKA|81|9
3211|3211|JAWA BARAT|SUMEDANG|86|9
3212|3212|JAWA BARAT|INDRAMAYU|78|9
3213|3213|JAWA BARAT|SUBANG|83|9
3214|3214|JAWA BARAT|PURWAKARTA|82|9
3215|3215|JAWA BARAT|KARAWANG|79|9
3216|3216|JAWA BARAT|BEKASI|67|9
3217|3217|JAWA BARAT|BANDUNG BARAT|65|9
3218|3218|JAWA BARAT|PANGANDARAN|498|9
3271|3271|JAWA BARAT|KOTA BOGOR|70|9
3272|3272|JAWA BARAT|KOTA SUKABUMI|85|9
3273|3273|JAWA BARAT|KOTA BANDUNG|64|9
3274|3274|JAWA BARAT|KOTA CIREBON|75|9
3275|3275|JAWA BARAT|KOTA BEKASI|68|9
3276|3276|JAWA BARAT|KOTA DEPOK|76|9
3277|3277|JAWA BARAT|KOTA CIMAHI|73|9
3278|3278|JAWA BARAT|KOTA TASIKMALAYA|88|9
3279|3279|JAWA BARAT|KOTA BANJAR|66|9
3301|3301|JAWA TENGAH|CILACAP|95|10
3302|3302|JAWA TENGAH|BANYUMAS|90|10
3303|3303|JAWA TENGAH|PURBALINGGA|110|10
3304|3304|JAWA TENGAH|BANJARNEGARA|89|10
3305|3305|JAWA TENGAH|KEBUMEN|100|10
3306|3306|JAWA TENGAH|PURWOREJO|111|10
3307|3307|JAWA TENGAH|WONOSOBO|123|10
3308|3308|JAWA TENGAH|MAGELANG|104|10
3309|3309|JAWA TENGAH|BOYOLALI|93|10
3310|3310|JAWA TENGAH|KLATEN|102|10
3311|3311|JAWA TENGAH|SUKOHARJO|117|10
3312|3312|JAWA TENGAH|WONOGIRI|122|10
3313|3313|JAWA TENGAH|KARANGANYAR|99|10
3314|3314|JAWA TENGAH|SRAGEN|116|10
3315|3315|JAWA TENGAH|GROBOGAN|97|10
3316|3316|JAWA TENGAH|BLORA|92|10
3317|3317|JAWA TENGAH|REMBANG|112|10
3318|3318|JAWA TENGAH|PATI|106|10
3319|3319|JAWA TENGAH|KUDUS|103|10
3320|3320|JAWA TENGAH|JEPARA|98|10
3321|3321|JAWA TENGAH|DEMAK|96|10
3322|3322|JAWA TENGAH|SEMARANG|114|10
3323|3323|JAWA TENGAH|TEMANGGUNG|121|10
3324|3324|JAWA TENGAH|KENDAL|101|10
3325|3325|JAWA TENGAH|BATANG|91|10
3326|3326|JAWA TENGAH|PEKALONGAN|107|10
3327|3327|JAWA TENGAH|PEMALANG|109|10
3328|3328|JAWA TENGAH|TEGAL|119|10
3329|3329|JAWA TENGAH|BREBES|94|10
3371|3371|JAWA TENGAH|KOTA MAGELANG|105|10
3372|3372|JAWA TENGAH|KOTA SURAKARTA|118|10
3373|3373|JAWA TENGAH|KOTA SALATIGA|113|10
3374|3374|JAWA TENGAH|KOTA SEMARANG|115|10
3375|3375|JAWA TENGAH|KOTA PEKALONGAN|108|10
3376|3376|JAWA TENGAH|KOTA TEGAL|120|10
3401|3401|DI YOGYAKARTA|KULON PROGO|37|5
3402|3402|DI YOGYAKARTA|BANTUL|35|5
3403|3403|DI YOGYAKARTA|GUNUNG KIDUL|36|5
3404|3404|DI YOGYAKARTA|SLEMAN|38|5
3471|3471|DI YOGYAKARTA|KOTA YOGYAKARTA|39|5
3501|3501|JAWA TIMUR|PACITAN|147|11
3502|3502|JAWA TIMUR|PONOROGO|151|11
3503|3503|JAWA TIMUR|TRENGGALEK|159|11
3504|3504|JAWA TIMUR|TULUNGAGUNG|161|11
3505|3505|JAWA TIMUR|BLITAR|127|11
3506|3506|JAWA TIMUR|KEDIRI|134|11
3507|3507|JAWA TIMUR|MALANG|141|11
3508|3508|JAWA TIMUR|LUMAJANG|137|11
3509|3509|JAWA TIMUR|JEMBER|132|11
3510|3510|JAWA TIMUR|BANYUWANGI|125|11
3511|3511|JAWA TIMUR|BONDOWOSO|130|11
3512|3512|JAWA TIMUR|SITUBONDO|156|11
3513|3513|JAWA TIMUR|PROBOLINGGO|152|11
3514|3514|JAWA TIMUR|PASURUAN|149|11
3515|3515|JAWA TIMUR|SIDOARJO|155|11
3516|3516|JAWA TIMUR|MOJOKERTO|143|11
3517|3517|JAWA TIMUR|JOMBANG|133|11
3518|3518|JAWA TIMUR|NGANJUK|145|11
3519|3519|JAWA TIMUR|MADIUN|138|11
3520|3520|JAWA TIMUR|MAGETAN|140|11
3521|3521|JAWA TIMUR|NGAWI|146|11
3522|3522|JAWA TIMUR|BOJONEGORO|129|11
3523|3523|JAWA TIMUR|TUBAN|160|11
3524|3524|JAWA TIMUR|LAMONGAN|136|11
3525|3525|JAWA TIMUR|GRESIK|131|11
3526|3526|JAWA TIMUR|BANGKALAN|124|11
3527|3527|JAWA TIMUR|SAMPANG|154|11
3528|3528|JAWA TIMUR|PAMEKASAN|148|11
3529|3529|JAWA TIMUR|SUMENEP|157|11
3571|3571|JAWA TIMUR|KOTA KEDIRI|135|11
3572|3572|JAWA TIMUR|KOTA BLITAR|128|11
3573|3573|JAWA TIMUR|KOTA MALANG|142|11
3574|3574|JAWA TIMUR|KOTA PROBOLINGGO|153|11
3575|3575|JAWA TIMUR|KOTA PASURUAN|150|11
3576|3576|JAWA TIMUR|KOTA MOJOKERTO|144|11
3577|3577|JAWA TIMUR|KOTA MADIUN|139|11
3578|3578|JAWA TIMUR|KOTA SURABAYA|158|11
3579|3579|JAWA TIMUR|KOTA BATU|126|11
3601|3601|BANTEN|PANDEGLANG|19|3
3602|3602|BANTEN|LEBAK|18|3
3603|3603|BANTEN|TANGERANG|22|3
3604|3604|BANTEN|SERANG|20|3
3671|3671|BANTEN|KOTA TANGERANG|23|3
3672|3672|BANTEN|KOTA CILEGON|17|3
3673|3673|BANTEN|KOTA SERANG|21|3
3674|3674|BANTEN|KOTA TANGERANG SELATAN|24|3
5101|5101|BALI|JEMBRANA|6|2
5102|5102|BALI|TABANAN|9|2
5103|5103|BALI|BADUNG|1|2
5104|5104|BALI|GIANYAR|5|2
5105|5105|BALI|KLUNGKUNG|8|2
5106|5106|BALI|BANGLI|2|2
5107|5107|BALI|KARANGASEM|7|2
5108|5108|BALI|BULELENG|3|2
5171|5171|BALI|KOTA DENPASAR|4|2
5201|5201|NUSA TENGGARA BARAT|LOMBOK BARAT|284|22
5202|5202|NUSA TENGGARA BARAT|LOMBOK TENGAH|285|22
5203|5203|NUSA TENGGARA BARAT|LOMBOK TIMUR|286|22
5204|5204|NUSA TENGGARA BARAT|SUMBAWA|289|22
5205|5205|NUSA TENGGARA BARAT|DOMPU|283|22
5206|5206|NUSA TENGGARA BARAT|BIMA|281|22
5207|5207|NUSA TENGGARA BARAT|SUMBAWA BARAT|290|22
5208|5208|NUSA TENGGARA BARAT|LOMBOK UTARA|287|22
5271|5271|NUSA TENGGARA BARAT|KOTA MATARAM|288|22
5272|5272|NUSA TENGGARA BARAT|KOTA BIMA|282|22
5301|5312|NUSA TENGGARA TIMUR|SUMBA BARAT|306|23
5302|5311|NUSA TENGGARA TIMUR|SUMBA TIMUR|309|23
5303|5301|NUSA TENGGARA TIMUR|KUPANG|295|23
5304|5302|NUSA TENGGARA TIMUR|TIMOR TENGAH SELATAN|310|23
5305|5303|NUSA TENGGARA TIMUR|TIMOR TENGAH UTARA|311|23
5306|5304|NUSA TENGGARA TIMUR|BELU|292|23
5307|5305|NUSA TENGGARA TIMUR|ALOR|291|23
5308|5313|NUSA TENGGARA TIMUR|LEMBATA|297|23
5309|5306|NUSA TENGGARA TIMUR|FLORES TIMUR|294|23
5310|5307|NUSA TENGGARA TIMUR|SIKKA|305|23
5311|5308|NUSA TENGGARA TIMUR|ENDE|293|23
5312|5309|NUSA TENGGARA TIMUR|NGADA|302|23
5313|5310|NUSA TENGGARA TIMUR|MANGGARAI|298|23
5314|5314|NUSA TENGGARA TIMUR|ROTE NDAO|303|23
5315|5315|NUSA TENGGARA TIMUR|MANGGARAI BARAT|299|23
5316|5317|NUSA TENGGARA TIMUR|SUMBA TENGAH|308|23
5317|5318|NUSA TENGGARA TIMUR|SUMBA BARAT DAYA|307|23
5318|5316|NUSA TENGGARA TIMUR|NAGEKEO|301|23
5319|5319|NUSA TENGGARA TIMUR|MANGGARAI TIMUR|300|23
5320|5320|NUSA TENGGARA TIMUR|SABU RAIJUA|304|23
5321|5321|NUSA TENGGARA TIMUR|MALAKA|504|23
5371|5371|NUSA TENGGARA TIMUR|KOTA KUPANG|296|23
6101|6101|KALIMANTAN BARAT|SAMBAS|171|12
6102|6107|KALIMANTAN BARAT|BENGKAYANG|162|12
6103|6108|KALIMANTAN BARAT|LANDAK|167|12
6104|6102|KALIMANTAN BARAT|MEMPAWAH|169|12
6105|6103|KALIMANTAN BARAT|SANGGAU|172|12
6106|6104|KALIMANTAN BARAT|KETAPANG|165|12
6107|6105|KALIMANTAN BARAT|SINTANG|175|12
6108|6106|KALIMANTAN BARAT|KAPUAS HULU|163|12
6109|6109|KALIMANTAN BARAT|SEKADAU|173|12
6110|6110|KALIMANTAN BARAT|MELAWI|168|12
6111|6111|KALIMANTAN BARAT|KAYONG UTARA|164|12
6112|6112|KALIMANTAN BARAT|KUBU RAYA|166|12
6171|6171|KALIMANTAN BARAT|KOTA PONTIANAK|170|12
6172|6172|KALIMANTAN BARAT|KOTA SINGKAWANG|174|12
6201|6201|KALIMANTAN TENGAH|KOTAWARINGIN BARAT|195|14
6202|6202|KALIMANTAN TENGAH|KOTAWARINGIN TIMUR|196|14
6203|6203|KALIMANTAN TENGAH|KAPUAS|193|14
6204|6204|KALIMANTAN TENGAH|BARITO SELATAN|189|14
6205|6205|KALIMANTAN TENGAH|BARITO UTARA|191|14
6206|6208|KALIMANTAN TENGAH|SUKAMARA|202|14
6207|6209|KALIMANTAN TENGAH|LAMANDAU|197|14
6208|6207|KALIMANTAN TENGAH|SERUYAN|201|14
6209|6206|KALIMANTAN TENGAH|KATINGAN|194|14
6210|6211|KALIMANTAN TENGAH|PULANG PISAU|200|14
6211|6210|KALIMANTAN TENGAH|GUNUNG MAS|192|14
6212|6213|KALIMANTAN TENGAH|BARITO TIMUR|190|14
6213|6212|KALIMANTAN TENGAH|MURUNG RAYA|198|14
6271|6271|KALIMANTAN TENGAH|KOTA PALANGKA RAYA|199|14
6301|6301|KALIMANTAN SELATAN|TANAH LAUT|187|13
6302|6302|KALIMANTAN SELATAN|KOTABARU|184|13
6303|6303|KALIMANTAN SELATAN|BANJAR|177|13
6304|6304|KALIMANTAN SELATAN|BARITO KUALA|180|13
6305|6305|KALIMANTAN SELATAN|TAPIN|188|13
6306|6306|KALIMANTAN SELATAN|HULU SUNGAI SELATAN|181|13
6307|6307|KALIMANTAN SELATAN|HULU SUNGAI TENGAH|182|13
6308|6308|KALIMANTAN SELATAN|HULU SUNGAI UTARA|183|13
6309|6309|KALIMANTAN SELATAN|TABALONG|185|13
6310|6310|KALIMANTAN SELATAN|TANAH BUMBU|186|13
6311|6311|KALIMANTAN SELATAN|BALANGAN|176|13
6371|6371|KALIMANTAN SELATAN|KOTA BANJARMASIN|179|13
6372|6372|KALIMANTAN SELATAN|KOTA BANJARBARU|178|13
6401|6401|KALIMANTAN TIMUR|PASER|212|15
6402|6407|KALIMANTAN TIMUR|KUTAI BARAT|207|15
6403|6402|KALIMANTAN TIMUR|KUTAI KARTANEGARA|208|15
6404|6408|KALIMANTAN TIMUR|KUTAI TIMUR|209|15
6405|6403|KALIMANTAN TIMUR|BERAU|204|15
6409|6409|KALIMANTAN TIMUR|PENAJAM PASER UTARA|213|15
6411|6411|KALIMANTAN TIMUR|MAHAKAM ULU|502|15
6471|6471|KALIMANTAN TIMUR|KOTA BALIKPAPAN|203|15
6472|6472|KALIMANTAN TIMUR|KOTA SAMARINDA|214|15
6474|6474|KALIMANTAN TIMUR|KOTA BONTANG|205|15
6501|6502|KALIMANTAN UTARA|MALINAU|210|16
6502|6501|KALIMANTAN UTARA|BULUNGAN|206|16
6503|6504|KALIMANTAN UTARA|TANA TIDUNG|215|16
6504|6503|KALIMANTAN UTARA|NUNUKAN|211|16
6571|6571|KALIMANTAN UTARA|KOTA TARAKAN|216|16
7101|7101|SULAWESI UTARA|BOLAANG MONGONDOW|416|31
7102|7102|SULAWESI UTARA|MINAHASA|425|31
7103|7103|SULAWESI UTARA|KEPULAUAN SANGIHE|420|31
7104|7104|SULAWESI UTARA|KEPULAUAN TALAUD|422|31
7105|7105|SULAWESI UTARA|MINAHASA SELATAN|426|31
7106|7106|SULAWESI UTARA|MINAHASA UTARA|428|31
7107|7108|SULAWESI UTARA|BOLAANG MONGONDOW UTARA|419|31
7108|7109|SULAWESI UTARA|KEPULAUAN SITARO|421|31
7109|7107|SULAWESI UTARA|MINAHASA TENGGARA|427|31
7110|7111|SULAWESI UTARA|BOLAANG MONGONDOW SELATAN|417|31
7111|7110|SULAWESI UTARA|BOLAANG MONGONDOW TIMUR|418|31
7171|7171|SULAWESI UTARA|KOTA MANADO|424|31
7172|7172|SULAWESI UTARA|KOTA BITUNG|415|31
7173|7173|SULAWESI UTARA|KOTA TOMOHON|429|31
7174|7174|SULAWESI UTARA|KOTA KOTAMOBAGU|423|31
7201|7207|SULAWESI TENGAH|BANGGAI KEPULAUAN|393|29
7202|7201|SULAWESI TENGAH|BANGGAI|392|29
7203|7206|SULAWESI TENGAH|MOROWALI|396|29
7204|7202|SULAWESI TENGAH|POSO|399|29
7205|7203|SULAWESI TENGAH|DONGGALA|395|29
7206|7204|SULAWESI TENGAH|TOLI-TOLI|402|29
7207|7205|SULAWESI TENGAH|BUOL|394|29
7208|7208|SULAWESI TENGAH|PARIGI MOUTONG|398|29
7209|7209|SULAWESI TENGAH|TOJO UNA-UNA|401|29
7210|7210|SULAWESI TENGAH|SIGI|400|29
7211|7211|SULAWESI TENGAH|BANGGAI LAUT|506|29
7212|7212|SULAWESI TENGAH|MOROWALI UTARA|507|29
7271|7271|SULAWESI TENGAH|KOTA PALU|397|29
7301|7301|SULAWESI SELATAN|KEPULAUAN SELAYAR|384|28
7302|7302|SULAWESI SELATAN|BULUKUMBA|371|28
7303|7303|SULAWESI SELATAN|BANTAENG|368|28
7304|7304|SULAWESI SELATAN|JENEPONTO|374|28
7305|7305|SULAWESI SELATAN|TAKALAR|388|28
7306|7306|SULAWESI SELATAN|GOWA|373|28
7307|7307|SULAWESI SELATAN|SINJAI|386|28
7308|7309|SULAWESI SELATAN|MAROS|379|28
7309|7310|SULAWESI SELATAN|PANGKAJENE KEPULAUAN|381|28
7310|7311|SULAWESI SELATAN|BARRU|369|28
7311|7308|SULAWESI SELATAN|BONE|370|28
7312|7312|SULAWESI SELATAN|SOPPENG|387|28
7313|7313|SULAWESI SELATAN|WAJO|391|28
7314|7314|SULAWESI SELATAN|SIDENRENG RAPPANG|385|28
7315|7315|SULAWESI SELATAN|PINRANG|383|28
7316|7316|SULAWESI SELATAN|ENREKANG|372|28
7317|7317|SULAWESI SELATAN|LUWU|375|28
7318|7318|SULAWESI SELATAN|TANA TORAJA|389|28
7322|7322|SULAWESI SELATAN|LUWU UTARA|377|28
7325|7324|SULAWESI SELATAN|LUWU TIMUR|376|28
7326|7326|SULAWESI SELATAN|TORAJA UTARA|390|28
7371|7371|SULAWESI SELATAN|KOTA MAKASSAR|378|28
7372|7372|SULAWESI SELATAN|KOTA PAREPARE|382|28
7373|7373|SULAWESI SELATAN|KOTA PALOPO|380|28
7401|7404|SULAWESI TENGGARA|BUTON|405|30
7402|7403|SULAWESI TENGGARA|MUNA|413|30
7403|7402|SULAWESI TENGGARA|KONAWE|410|30
7404|7401|SULAWESI TENGGARA|KOLAKA|408|30
7405|7405|SULAWESI TENGGARA|KONAWE SELATAN|411|30
7406|7406|SULAWESI TENGGARA|BOMBANA|404|30
7407|7407|SULAWESI TENGGARA|WAKATOBI|414|30
7408|7408|SULAWESI TENGGARA|KOLAKA UTARA|409|30
7409|7410|SULAWESI TENGGARA|BUTON UTARA|406|30
7410|7409|SULAWESI TENGGARA|KONAWE UTARA|412|30
7411|7411|SULAWESI TENGGARA|KOLAKA TIMUR|511|30
7412|7412|SULAWESI TENGGARA|KONAWE KEPULAUAN|512|30
7413|7413|SULAWESI TENGGARA|MUNA BARAT|510|30
7414|7414|SULAWESI TENGGARA|BUTON TENGAH|508|30
7415|7415|SULAWESI TENGGARA|BUTON SELATAN|509|30
7471|7471|SULAWESI TENGGARA|KOTA KENDARI|407|30
7472|7472|SULAWESI TENGGARA|KOTA BAU-BAU|403|30
7501|7502|GORONTALO|BOALEMO|46|7
7502|7501|GORONTALO|GORONTALO|48|7
7503|7504|GORONTALO|POHUWATO|51|7
7504|7503|GORONTALO|BONE BOLANGO|47|7
7505|7505|GORONTALO|GORONTALO UTARA|50|7
7571|7571|GORONTALO|KOTA GORONTALO|49|7
7601|7605|SULAWESI BARAT|MAJENE|363|27
7602|7604|SULAWESI BARAT|POLEWALI MANDAR|367|27
7603|7603|SULAWESI BARAT|MAMASA|364|27
7604|7602|SULAWESI BARAT|MAMUJU|365|27
7606|7606|SULAWESI BARAT|MAMUJU TENGAH|505|27
8101|8103|MALUKU|KEPULAUAN TANIMBAR|245|20
8102|8102|MALUKU|MALUKU TENGGARA|244|20
8103|8101|MALUKU|MALUKU TENGAH|243|20
8104|8104|MALUKU|BURU|239|20
8105|8107|MALUKU|KEPULAUAN ARU|241|20
8106|8106|MALUKU|SERAM BAGIAN BARAT|246|20
8107|8105|MALUKU|SERAM BAGIAN TIMUR|247|20
8108|8108|MALUKU|MALUKU BARAT DAYA|242|20
8109|8109|MALUKU|BURU SELATAN|240|20
8171|8171|MALUKU|KOTA AMBON|238|20
8172|8172|MALUKU|KOTA TUAL|248|20
8201|8201|MALUKU UTARA|HALMAHERA BARAT|249|21
8202|8202|MALUKU UTARA|HALMAHERA TENGAH|251|21
8203|8205|MALUKU UTARA|KEPULAUAN SULA|254|21
8204|8204|MALUKU UTARA|HALMAHERA SELATAN|250|21
8205|8203|MALUKU UTARA|HALMAHERA UTARA|253|21
8206|8206|MALUKU UTARA|HALMAHERA TIMUR|252|21
8207|8207|MALUKU UTARA|PULAU MOROTAI|255|21
8208|8208|MALUKU UTARA|PULAU TALIABU|503|21
8271|8271|MALUKU UTARA|KOTA TERNATE|256|21
8272|8272|MALUKU UTARA|KOTA TIDORE KEPULAUAN|257|21
9101|9203|PAPUA BARAT|FAKFAK|341|25
9102|9208|PAPUA BARAT|KAIMANA|342|25
9103|9207|PAPUA BARAT|TELUK WONDAMA|351|25
9104|9206|PAPUA BARAT|TELUK BINTUNI|350|25
9105|9202|PAPUA BARAT|MANOKWARI|343|25
9106|9204|PAPUA BARAT|SORONG SELATAN|348|25
9107|9201|PAPUA BARAT|SORONG|346|25
9108|9205|PAPUA BARAT|RAJA AMPAT|345|25
9109|9209|PAPUA BARAT|TAMBRAUW|349|25
9110|9210|PAPUA BARAT|MAYBRAT|344|25
9111|9211|PAPUA BARAT|MANOKWARI SELATAN|500|25
9112|9212|PAPUA BARAT|PEGUNUNGAN ARFAK|501|25
9171|9271|PAPUA BARAT|KOTA SORONG|347|25
9401|9101|PAPUA|MERAUKE|327|24
9402|9102|PAPUA|JAYAWIJAYA|320|24
9403|9103|PAPUA|JAYAPURA|318|24
9404|9104|PAPUA|NABIRE|329|24
9408|9105|PAPUA|KEPULAUAN YAPEN|322|24
9409|9106|PAPUA|BIAK NUMFOR|313|24
9410|9108|PAPUA|PANIAI|331|24
9411|9107|PAPUA|PUNCAK JAYA|334|24
9412|9109|PAPUA|MIMIKA|328|24
9413|9116|PAPUA|BOVEN DIGOEL|314|24
9414|9117|PAPUA|MAPPI|326|24
9415|9118|PAPUA|ASMAT|312|24
9416|9113|PAPUA|YAHUKIMO|339|24
9417|9112|PAPUA|PEGUNUNGAN BINTANG|332|24
9418|9114|PAPUA|TOLIKARA|337|24
9419|9110|PAPUA|SARMI|335|24
9420|9111|PAPUA|KEEROM|321|24
9426|9115|PAPUA|WAROPEN|338|24
9427|9119|PAPUA|SUPIORI|336|24
9428|9120|PAPUA|MAMBERAMO RAYA|324|24
9429|9124|PAPUA|NDUGA|330|24
9430|9123|PAPUA|LANNY JAYA|323|24
9431|9121|PAPUA|MAMBERAMO TENGAH|325|24
9432|9122|PAPUA|YALIMO|340|24
9433|9125|PAPUA|PUNCAK|333|24
9434|9126|PAPUA|DOGIYAI|316|24
9435|9127|PAPUA|INTAN JAYA|317|24
9471|9171|PAPUA|KOTA JAYAPURA|319|24
